{
  "horizon": 10,
  "feature_names": [
    "Open",
    "Close",
    "Low",
    "High",
    "Volume",
    "log_return_1",
    "log_return_5",
    "log_return_10",
    "log_return_15",
    "range",
    "close_open",
    "upper_wick",
    "lower_wick",
    "std_5",
    "std_10",
    "std_20",
    "boll_mid",
    "boll_upper",
    "boll_lower",
    "boll_width",
    "boll_percent_b",
    "ema_3",
    "ema_delta_3",
    "ema_8",
    "ema_delta_8",
    "ema_20",
    "ema_delta_20",
    "ema_50",
    "ema_delta_50",
    "macd_line",
    "macd_signal",
    "macd_hist",
    "rsi14",
    "volume_ma_20",
    "volume_ratio",
    "vwap",
    "vwap_gap"
  ],
  "intercept": 9.494778613956847e-05,
  "coefficients": [
    0.004820266232908511,
    0.004825426621639017,
    0.004823808339797788,
    0.004818513935762347,
    -5.257411757192478e-06,
    -1.5559109726460456e-05,
    0.00010197051882441622,
    -9.708107355714319e-05,
    -0.00027233660150176233,
    -3.613809664791704e-05,
    0.0001787007224095733,
    -4.6010400797871733e-05,
    7.27118039676226e-05,
    -3.894862026786959e-05,
    -0.00012682810029761665,
    0.00010592194520200948,
    -0.014610941195130202,
    -0.014537669108986214,
    -0.014631917064490699,
    0.00010592194520336162,
    5.307147412105195e-05,
    0.004828179038870423,
    -0.00021522871346796074,
    0.004805966584495031,
    0.0006491088969520054,
    0.004822943494946552,
    1.6304859930303899e-06,
    0.004952527811147615,
    -0.0016453409606135407,
    0.0002586370024820284,
    0.0006781719281830583,
    -0.0012874870006310333,
    0.00014933009262122857,
    0.00013908187993431272,
    -2.446272032164481e-05,
    0.004817681574493002,
    -6.871790771619419e-05
  ],
  "scaler_mean": [
    173.7628493161765,
    173.76354598529412,
    173.68435363970588,
    173.8474920882353,
    60495.395955882355,
    9.281546456603576e-06,
    4.6219849185343624e-05,
    9.256360930623695e-05,
    0.0001395746568019608,
    0.16313844852941167,
    0.000696669117647229,
    0.040582257352941124,
    0.03513183088235307,
    0.11101584351321328,
    0.15449395345029468,
    0.21657304117997356,
    173.74875999264708,
    174.18190607500702,
    173.3156139102871,
    0.8662921647198942,
    0.5076444718828109,
    173.76199284526678,
    0.001553140027339973,
    173.75810986598282,
    0.0015531769460834944,
    173.74855771312585,
    0.001577712859816924,
    173.72322890978063,
    0.001645594918922908,
    0.011347108106691038,
    0.011511895765310679,
    -0.0001647876586196403,
    50.63594446614553,
    60494.09284926471,
    1.0323436119477163,
    173.75276958549165,
    0.010776399802469519
  ],
  "scaler_std": [
    6.8508014614252035,
    6.849280715916028,
    6.848421646119507,
    6.854313499716098,
    105126.2557953694,
    0.0008878681923671067,
    0.0020744732157413027,
    0.0029403219739632825,
    0.003500317392417236,
    0.21772957813421848,
    0.15676798847883247,
    0.10642941683710724,
    0.07444498197959341,
    0.11084356763818969,
    0.1525164401045587,
    0.20609830641964197,
    6.855817520664031,
    6.887368616062063,
    6.848973163551125,
    0.8243932256785678,
    0.3210283243526253,
    6.84942855918101,
    0.09090744307262395,
    6.850337166785334,
    0.05643340549217629,
    6.8526930896675315,
    0.035504169280944464,
    6.8571449000514555,
    0.022562144860607206,
    0.1801430365690913,
    0.1697542779583453,
    0.053228445002156545,
    15.733953155141744,
    79721.60722640107,
    1.1701743953561687,
    6.8663921990877546,
    0.4276858260650216
  ]
}