{
  "ticker": "PLTR",
  "generated_at": "2025-10-01T04:14:24.173356+00:00",
  "lookback": 60,
  "feature_mean": [
    106.14228,
    108.83156,
    103.52843999999999,
    106.56307999999999,
    84327733.6,
    0.006440383806005981,
    0.005487002921139986,
    0.05199477206519415,
    -0.03549088086658665,
    48.748,
    0.0
  ],
  "feature_std": [
    41.87681921065161,
    42.34053641094312,
    41.15966802060483,
    41.83012418477383,
    39538526.977407634,
    0.04391419002792357,
    0.036796231792532025,
    0.02714708035921384,
    1.038183500868056,
    19.339402679503834,
    1.0
  ],
  "metrics": {
    "rmse": 8.81255207122691,
    "mae": 7.730096088182659,
    "mape": 4.511900057147399
  }
}