{
  "generated_at": "2025-10-02T00:27:31.496178+00:00",
  "lookback": 90,
  "feature_mean": [
    35.85253634894992,
    34.84760096930533,
    60202673.42326333,
    36.704014539579966,
    35.76361873990307,
    429.7559450726979,
    5211255.205169628,
    432.4307350565428,
    434.70383683360257,
    432.3260823909532,
    58.01749596122778,
    402264441.35541195,
    59.17193861066236,
    60.18907108239096,
    59.15182552504038,
    -0.010753859986627534,
    0.0023566008854472645,
    0.051252020556103714,
    0.0005472557914983568,
    -0.020107182182544155,
    0.0021459856246974192
  ],
  "feature_std": [
    41.08327820230553,
    40.01578281292977,
    41484725.591998145,
    41.84710519697281,
    40.94238035776981,
    74.26629759206072,
    3131610.41738586,
    74.36184228751637,
    74.32700770061861,
    74.34447460491447,
    50.737204276236604,
    180056986.3143368,
    51.64109289198499,
    52.412879310668366,
    51.64244313562642,
    1.0787762617419985,
    0.044343285840577056,
    1.0740044644222486,
    0.010705978017101317,
    1.0452649248036143,
    0.032780670516388485
  ],
  "metrics": {
    "rmse": 63.19937851522277,
    "mae": 53.39161082911459,
    "mape": 42.04420058643857
  },
  "features": [
    "pltr_close",
    "pltr_low",
    "pltr_volume",
    "pltr_high",
    "pltr_open",
    "voo_low",
    "voo_volume",
    "voo_close",
    "voo_high",
    "voo_open",
    "nvda_low",
    "nvda_volume",
    "nvda_close",
    "nvda_high",
    "nvda_open",
    "pltr_volume_z",
    "pltr_log_return",
    "voo_volume_z",
    "voo_log_return",
    "nvda_volume_z",
    "nvda_log_return"
  ]
}