{
  "generated_at": "2025-10-01T19:10:33.229981+00:00",
  "lookback": 90,
  "feature_mean": [
    59712639.40231788,
    35.29311258278146,
    36.290728476821194,
    36.20572847682119,
    37.137259933774835,
    0.0015413625827814565,
    0.0024590165562913906,
    35.08645819536424,
    33.205250331125825,
    35.59274443129139,
    34.71964960844371,
    0.8730948302980132,
    0.8699207466887418,
    1.9893365662251654,
    0.6728853236754968,
    35.08645819536424,
    40.274454579470195,
    29.89846181125828,
    52.97524244536424,
    0.0017741970198675496,
    0.05254014072847683,
    0.002509716059602649,
    60181773.53054635,
    0.0770327226821192,
    -0.03285396357615895,
    42.62442052980132,
    25.488038079470194
  ],
  "feature_std": [
    41138569.55813209,
    40.398724914889506,
    41.482850220099735,
    41.33763008116938,
    42.25735348866762,
    0.04260050176924035,
    0.043299888577733044,
    39.32923198519957,
    36.270503802702244,
    40.18645441655678,
    38.698855939150626,
    2.288065131249428,
    2.119137464622418,
    2.201076518472638,
    0.22686908564486724,
    39.32923198519957,
    44.98651449366012,
    34.03717301479841,
    12.853863897582501,
    0.03603865472149348,
    0.02744590357523908,
    0.046053692469092584,
    24771042.6336781,
    0.4980869163657768,
    1.0686394885849777,
    45.39400172611545,
    28.516120758054626
  ],
  "metrics": {
    "rmse": 55.56026600541442,
    "mae": 43.87714501075748,
    "mape": 32.369117658220105
  }
}